{"cameraMode":{"drawMode":0,"name":"Shaded","section":"Shading Mode"},"sceneLighting":false,"audioPlay":false,"sceneViewState":{"showFog":true,"showMaterialUpdate":false,"showSkybox":false,"showFlares":true,"showImageEffects":true,"showParticleSystems":true},"in2DMode":false,"pivot":{"x":3.944000244140625,"y":1.4589998722076417,"z":-9.161998748779297},"rotation":{"x":-0.12709353864192964,"y":0.8577608466148377,"z":-0.2546699047088623,"w":-0.4280797243118286},"size":1.6848759651184083,"orthographic":false}