{"cameraMode":{"drawMode":0,"name":"Shaded","section":"Shading Mode"},"sceneLighting":false,"audioPlay":false,"sceneViewState":{"showFog":true,"showMaterialUpdate":false,"showSkybox":false,"showFlares":true,"showImageEffects":true,"showParticleSystems":true},"in2DMode":false,"pivot":{"x":-0.38999998569488528,"y":1.7799999713897706,"z":-19.048999786376954},"rotation":{"x":-0.20806163549423219,"y":0.5295420289039612,"z":-0.13584211468696595,"w":-0.8110859394073486},"size":1.2247449159622193,"orthographic":false}